CustomerID,Count,Country,State,City,Zip Code,Lat Long,Latitude,Longitude,Gender,Senior Citizen,Partner,Dependents,Tenure Months,Phone Service,Multiple Lines,Internet Service,Online Security,Online Backup,Device Protection,Tech Support,Streaming TV,Streaming Movies,Contract,Paperless Billing,Payment Method,Monthly Charges,Total Charges,Churn Label,Churn Value,Churn Score,CLTV,Churn Reason
2189-WWOEW,1,United States,California,Keene,93531,"35.214982, -118.59049",35.214982,-118.59049,Female,No,No,No,15,Yes,No,Fiber optic,No,Yes,No,No,No,Yes,Month-to-month,Yes,Bank transfer (automatic),85.9,1269.55,Yes,1,96,3579,Don't know
2446-ZKVAF,1,United States,California,Stockton,95207,"38.002125, -121.324979",38.002125,-121.324979,Male,No,Yes,No,18,Yes,Yes,DSL,No,Yes,No,No,No,No,Month-to-month,No,Credit card (automatic),56.8,1074.65,No,0,59,5558,
4986-MXSFP,1,United States,California,San Leandro,94579,"37.687264, -122.15728",37.687264,-122.15728,Female,No,No,No,2,Yes,No,No,No internet service,No internet service,No internet service,No internet service,No internet service,No internet service,Month-to-month,Yes,Mailed check,20.0,40.9,No,0,39,2237,
5868-YWPDW,1,United States,California,Sherman Oaks,91423,"34.146957, -118.432138",34.146957,-118.432138,Male,Yes,Yes,No,6,Yes,No,Fiber optic,No,Yes,No,No,No,Yes,Month-to-month,Yes,Electronic check,84.2,519.15,Yes,1,72,5834,Limited range of services
9412-GHEEC,1,United States,California,Murrieta,92563,"33.581045, -117.14719",33.581045,-117.14719,Male,No,No,No,40,Yes,Yes,Fiber optic,No,No,Yes,Yes,Yes,Yes,Month-to-month,No,Bank transfer (automatic),104.8,4131.95,Yes,1,88,3492,Service dissatisfaction
3389-YGYAI,1,United States,California,Princeton,95970,"39.424957, -122.039307",39.424957,-122.039307,Female,Yes,No,No,8,Yes,Yes,Fiber optic,No,Yes,Yes,No,Yes,Yes,Month-to-month,Yes,Electronic check,105.5,829.55,Yes,1,72,5546,Price too high
4927-WWOOZ,1,United States,California,Pacific Grove,93950,"36.618337, -121.926417",36.618337,-121.926417,Male,No,Yes,No,2,Yes,Yes,Fiber optic,No,No,Yes,No,Yes,No,Month-to-month,Yes,Electronic check,91.45,171.45,No,0,32,4889,
4558-FANTW,1,United States,California,Fair Oaks,95628,"38.652065, -121.25441",38.652065,-121.25441,Female,No,Yes,No,17,Yes,No,Fiber optic,Yes,No,No,Yes,Yes,No,Month-to-month,No,Electronic check,91.85,1574.45,Yes,1,89,5643,Lack of affordable download/upload speed
6032-IGALN,1,United States,California,Granite Bay,95746,"38.749466, -121.184196",38.749466,-121.184196,Female,No,No,No,1,No,No phone service,DSL,No,No,No,No,No,No,Month-to-month,Yes,Mailed check,25.1,25.1,Yes,1,79,4769,Service dissatisfaction
3523-BRGUW,1,United States,California,Los Altos,94022,"37.349546, -122.134356",37.349546,-122.134356,Male,Yes,No,No,26,Yes,No,No,No internet service,No internet service,No internet service,No internet service,No internet service,No internet service,One year,No,Credit card (automatic),19.3,504.2,No,0,64,2269,
9885-AIBVB,1,United States,California,Newcastle,95658,"38.883224, -121.15918",38.883224,-121.15918,Male,No,Yes,No,29,Yes,Yes,Fiber optic,No,Yes,Yes,No,No,No,Month-to-month,Yes,Electronic check,85.8,2440.25,No,0,70,2568,
1666-JXLKU,1,United States,California,Shingle Springs,95682,"38.598936, -120.963092",38.598936,-120.963092,Female,No,No,No,37,Yes,Yes,Fiber optic,No,No,Yes,No,Yes,Yes,Month-to-month,Yes,Electronic check,100.05,3810.55,No,0,52,2904,
7649-SIJJF,1,United States,California,Emeryville,94608,"37.83726, -122.287648",37.83726,-122.287648,Male,No,Yes,No,71,Yes,Yes,DSL,Yes,Yes,Yes,Yes,No,Yes,Two year,Yes,Mailed check,80.1,5585.4,No,0,37,6045,
1790-NESIO,1,United States,California,Concord,94518,"37.950248, -122.022455",37.950248,-122.022455,Female,No,No,No,13,Yes,No,No,No internet service,No internet service,No internet service,No internet service,No internet service,No internet service,Two year,Yes,Mailed check,20.4,261.3,No,0,76,4883,
2883-ILGWO,1,United States,California,Compton,90222,"33.912246, -118.236773",33.912246,-118.236773,Male,Yes,No,No,57,Yes,Yes,Fiber optic,No,Yes,No,Yes,Yes,Yes,Month-to-month,Yes,Bank transfer (automatic),104.9,5913.95,No,0,75,5838,
2338-BQEZT,1,United States,California,San Carlos,94070,"37.497915, -122.267361",37.497915,-122.267361,Female,No,No,No,55,Yes,No,DSL,Yes,No,No,No,No,No,Month-to-month,Yes,Credit card (automatic),50.55,2832.75,No,0,44,6250,
4732-RRJZC,1,United States,California,Bridgeville,95526,"40.372532, -123.525626",40.372532,-123.525626,Male,No,Yes,Yes,7,Yes,No,No,No internet service,No internet service,No internet service,No internet service,No internet service,No internet service,Month-to-month,No,Mailed check,20.25,144.35,No,0,45,4954,
8885-QSQBX,1,United States,California,Forest Falls,92339,"34.067699, -116.903891",34.067699,-116.903891,Female,No,No,No,1,Yes,No,DSL,Yes,No,No,No,No,No,Month-to-month,No,Bank transfer (automatic),49.55,49.55,No,0,36,5277,
7890-VYYWG,1,United States,California,Sutter,95982,"39.172777, -121.805845",39.172777,-121.805845,Male,Yes,Yes,No,3,No,No phone service,DSL,No,No,No,No,Yes,No,Month-to-month,Yes,Mailed check,36.45,93.7,Yes,1,89,3766,Competitor had better devices
5329-KRDTM,1,United States,California,Long Barn,95335,"38.109125, -120.078597",38.109125,-120.078597,Male,Yes,Yes,No,72,Yes,Yes,DSL,No,Yes,Yes,Yes,Yes,No,Two year,No,Credit card (automatic),77.35,5396.25,No,0,29,6202,
9675-ICXCT,1,United States,California,El Cajon,92021,"32.832706, -116.873258",32.832706,-116.873258,Male,No,Yes,No,72,Yes,No,DSL,Yes,No,Yes,Yes,Yes,Yes,Two year,Yes,Electronic check,80.8,5728.55,No,0,75,4689,
6599-CEBNN,1,United States,California,Desert Hot Springs,92240,"33.948558, -116.516976",33.948558,-116.516976,Female,No,No,No,34,Yes,No,Fiber optic,No,Yes,No,No,No,No,Month-to-month,Yes,Credit card (automatic),73.95,2524.45,Yes,1,94,5795,Long distance charges
0440-MOGPM,1,United States,California,Petaluma,94954,"38.235021, -122.557332",38.235021,-122.557332,Female,No,No,No,41,Yes,Yes,DSL,No,Yes,Yes,No,Yes,Yes,One year,Yes,Electronic check,80.55,3263.9,No,0,29,4176,
9821-POOTN,1,United States,California,Fresno,93711,"36.833002, -119.82947",36.833002,-119.82947,Male,No,Yes,No,35,Yes,Yes,Fiber optic,No,No,No,No,No,No,Month-to-month,Yes,Electronic check,75.2,2576.2,Yes,1,94,4639,Price too high
9210-IAHGH,1,United States,California,Wendel,96136,"40.345949, -120.081187",40.345949,-120.081187,Female,No,No,No,7,Yes,No,DSL,No,No,No,Yes,Yes,Yes,Month-to-month,Yes,Credit card (automatic),70.75,450.8,Yes,1,84,2248,Attitude of support person
0885-HMGPY,1,United States,California,Honeydew,95545,"40.342928, -124.063329",40.342928,-124.063329,Male,No,No,No,62,Yes,Yes,DSL,Yes,Yes,Yes,Yes,No,No,Two year,No,Bank transfer (automatic),69.4,4237.5,No,0,67,6469,
7445-WMRBW,1,United States,California,Hathaway Pines,95233,"38.184914, -120.364085",38.184914,-120.364085,Female,No,No,No,48,Yes,Yes,DSL,No,Yes,Yes,Yes,Yes,No,One year,Yes,Bank transfer (automatic),73.85,3581.4,No,0,29,4740,
4183-MYFRB,1,United States,California,Los Angeles,90021,"34.029043, -118.239504",34.029043,-118.239504,Female,No,No,No,21,Yes,No,Fiber optic,No,Yes,Yes,No,No,Yes,Month-to-month,Yes,Electronic check,90.05,1862.9,No,0,57,5982,
2626-VEEWG,1,United States,California,Sun City,92587,"33.69887, -117.25071",33.69887,-117.25071,Male,No,Yes,Yes,67,Yes,No,No,No internet service,No internet service,No internet service,No internet service,No internet service,No internet service,Two year,Yes,Credit card (automatic),19.4,1284.2,No,0,70,4890,
0742-LAFQK,1,United States,California,Fullerton,92833,"33.877639, -117.961212",33.877639,-117.961212,Male,No,Yes,No,72,Yes,Yes,Fiber optic,Yes,Yes,Yes,No,No,Yes,Two year,Yes,Electronic check,99.15,7422.1,No,0,46,5152,
5093-FEGLU,1,United States,California,San Francisco,94105,"37.789168, -122.395009",37.789168,-122.395009,Female,No,Yes,No,47,Yes,No,No,No internet service,No internet service,No internet service,No internet service,No internet service,No internet service,Two year,No,Bank transfer (automatic),19.65,921.55,No,0,28,4159,
5268-DSMNQ,1,United States,California,Farmington,95230,"37.956963, -120.863055",37.956963,-120.863055,Female,Yes,Yes,No,62,Yes,Yes,Fiber optic,No,Yes,Yes,No,Yes,No,One year,Yes,Credit card (automatic),97.95,5936.55,No,0,50,5428,
4659-NZRUF,1,United States,California,Oakland,94609,"37.834341, -122.26437",37.834341,-122.26437,Female,No,No,No,19,Yes,Yes,Fiber optic,Yes,Yes,No,No,No,Yes,Month-to-month,Yes,Electronic check,95.15,1789.25,Yes,1,78,5830,Long distance charges
6424-ELEYH,1,United States,California,Lebec,93243,"34.845861, -118.885163",34.845861,-118.885163,Female,No,Yes,No,3,Yes,Yes,Fiber optic,No,No,No,No,No,No,Month-to-month,Yes,Credit card (automatic),74.75,229.5,Yes,1,65,3972,Attitude of service provider
9837-BMCLM,1,United States,California,Stockton,95202,"37.959706, -121.287669",37.959706,-121.287669,Male,No,No,No,3,Yes,No,Fiber optic,No,No,No,No,Yes,No,Month-to-month,Yes,Electronic check,78.5,242.05,Yes,1,71,3567,Long distance charges
7108-DGVUU,1,United States,California,Lookout,96054,"41.280478, -121.160249",41.280478,-121.160249,Female,Yes,Yes,No,21,Yes,Yes,DSL,No,Yes,Yes,No,No,Yes,One year,No,Bank transfer (automatic),71.7,1497.05,No,0,38,2784,
7750-EYXWZ,1,United States,California,Yucca Valley,92284,"34.159534, -116.425984",34.159534,-116.425984,Female,No,No,No,12,No,No phone service,DSL,No,Yes,Yes,Yes,Yes,Yes,One year,No,Electronic check,60.65,743.3,No,0,24,3740,
1814-DKOLC,1,United States,California,Loma Linda,92354,"34.049315, -117.255974",34.049315,-117.255974,Female,No,No,No,5,Yes,Yes,No,No internet service,No internet service,No internet service,No internet service,No internet service,No internet service,Month-to-month,No,Mailed check,25.45,134.75,No,0,24,4855,
1972-XMUWV,1,United States,California,Miramonte,93641,"36.696759, -119.024051",36.696759,-119.024051,Female,No,Yes,No,65,Yes,No,DSL,No,No,No,Yes,Yes,No,Two year,Yes,Credit card (automatic),59.8,3808.2,No,0,37,6034,
6719-FGEDO,1,United States,California,Whittier,90606,"33.976678, -118.065875",33.976678,-118.065875,Female,No,Yes,No,72,Yes,Yes,Fiber optic,Yes,Yes,Yes,Yes,No,No,Two year,Yes,Bank transfer (automatic),97.0,7104.2,No,0,67,6302,
2530-ENDWQ,1,United States,California,Rio Dell,95562,"40.485849, -124.163234",40.485849,-124.163234,Female,No,Yes,No,71,Yes,Yes,Fiber optic,No,No,No,No,Yes,Yes,Two year,Yes,Bank transfer (automatic),93.7,6585.35,Yes,1,100,4296,Competitor offered more data
8020-BWHYL,1,United States,California,Montrose,91020,"34.2112, -118.230625",34.2112,-118.230625,Female,Yes,No,No,15,Yes,No,Fiber optic,No,Yes,No,No,No,No,Month-to-month,Yes,Credit card (automatic),75.3,1147.45,Yes,1,99,4526,Competitor offered more data
2172-EJXVF,1,United States,California,Los Angeles,90047,"33.958149, -118.308441",33.958149,-118.308441,Female,Yes,No,No,71,Yes,Yes,Fiber optic,No,Yes,Yes,No,Yes,Yes,One year,Yes,Electronic check,105.9,7521.95,No,0,60,5479,
9761-XUJWD,1,United States,California,Fresno,93650,"36.841655, -119.797113",36.841655,-119.797113,Male,No,No,No,5,Yes,No,DSL,No,Yes,No,Yes,No,Yes,Month-to-month,Yes,Bank transfer (automatic),65.6,339.9,No,0,65,5636,
4238-HFHSN,1,United States,California,Elverta,95626,"38.734997, -121.463719",38.734997,-121.463719,Male,Yes,Yes,No,61,Yes,Yes,Fiber optic,No,Yes,No,No,No,No,Month-to-month,Yes,Electronic check,82.15,4904.85,No,0,33,4250,
4628-CTTLA,1,United States,California,Sanger,93657,"36.819628, -119.440414",36.819628,-119.440414,Male,No,No,No,57,No,No phone service,DSL,No,Yes,No,No,Yes,No,Month-to-month,Yes,Electronic check,39.3,2111.45,Yes,1,66,4917,Lack of self-service on Website
1029-QFBEN,1,United States,California,San Luis Obispo,93405,"35.236549, -120.727344",35.236549,-120.727344,Male,No,No,No,1,Yes,No,No,No internet service,No internet service,No internet service,No internet service,No internet service,No internet service,Month-to-month,No,Mailed check,19.55,19.55,Yes,1,66,3556,Competitor offered more data
5600-PDUJF,1,United States,California,Los Angeles,90047,"33.958149, -118.308441",33.958149,-118.308441,Male,No,No,No,6,Yes,No,DSL,No,No,No,Yes,No,No,Month-to-month,Yes,Credit card (automatic),49.5,312.7,No,0,75,5552,
6023-GSSXW,1,United States,California,Wofford Heights,93285,"35.690535, -118.552784",35.690535,-118.552784,Female,No,Yes,No,69,Yes,No,DSL,No,Yes,No,No,No,Yes,Two year,Yes,Credit card (automatic),61.45,4131.2,No,0,51,4162,
9137-UIYPG,1,United States,California,Butte City,95920,"39.449794, -121.936372",39.449794,-121.936372,Female,No,Yes,Yes,35,Yes,No,Fiber optic,Yes,No,Yes,Yes,Yes,Yes,Month-to-month,Yes,Electronic check,106.9,3756.45,No,0,80,5447,
